{"stats":{"minecraft:used":{"minecraft:wooden_axe":200,"minecraft:crafting_table":4},"minecraft:broken":{"minecraft:wooden_axe":3},"minecraft:custom":{"minecraft:time_since_rest":6656,"minecraft:crouch_one_cm":106,"minecraft:play_time":6656,"minecraft:sprint_one_cm":7838,"minecraft:walk_one_cm":16835,"minecraft:sneak_time":11,"minecraft:jump":58,"minecraft:leave_game":1,"minecraft:time_since_death":6656,"minecraft:total_world_time":6656,"minecraft:fly_one_cm":7158,"minecraft:interact_with_crafting_table":7,"minecraft:fall_one_cm":685},"minecraft:crafted":{"minecraft:crafting_table":4,"minecraft:spruce_planks":328,"minecraft:stick":4,"minecraft:wooden_axe":4},"minecraft:picked_up":{"minecraft:stick":9,"minecraft:wheat_seeds":1,"minecraft:spruce_sapling":19,"minecraft:spruce_log":138},"minecraft:mined":{"minecraft:spruce_log":200,"minecraft:fern":2}},"DataVersion":3120}