{"stats":{"minecraft:used":{"minecraft:diorite":15,"minecraft:stone_sword":43,"minecraft:stone_pickaxe":160,"minecraft:chest":1,"minecraft:spruce_planks":17,"minecraft:wooden_pickaxe":30,"minecraft:rotten_flesh":4,"minecraft:torch":16,"minecraft:glow_berries":3,"minecraft:dirt":4,"minecraft:crafting_table":8,"minecraft:dripstone_block":3,"minecraft:granite":18,"minecraft:spruce_log":2,"minecraft:wooden_axe":204,"minecraft:iron_pickaxe":16,"minecraft:gravel":3,"minecraft:cobblestone":33,"minecraft:furnace":11,"minecraft:andesite":7},"minecraft:killed_by":{"endermanoverhaul:cave_enderman":1,"minecraft:skeleton":1},"minecraft:broken":{"minecraft:stone_pickaxe":1,"minecraft:wooden_axe":3},"minecraft:killed":{"minecraft:creeper":1,"minecraft:skeleton":1,"endermanoverhaul:cave_enderman":1,"minecraft:zombie":4},"minecraft:custom":{"minecraft:interact_with_furnace":90,"minecraft:mob_kills":8,"minecraft:interact_with_crafting_table":22,"minecraft:leave_game":2,"minecraft:time_since_death":9248,"minecraft:time_since_rest":9283,"minecraft:sprint_one_cm":36784,"minecraft:damage_taken":660,"minecraft:walk_one_cm":92619,"minecraft:damage_dealt":1836,"minecraft:fly_one_cm":40765,"minecraft:open_chest":1,"minecraft:crouch_one_cm":16209,"minecraft:play_time":37412,"minecraft:deaths":2,"minecraft:sneak_time":5761,"minecraft:jump":417,"minecraft:total_world_time":37412,"minecraft:fall_one_cm":12175},"minecraft:crafted":{"minecraft:crafting_table":12,"minecraft:spruce_planks":328,"minecraft:wooden_pickaxe":1,"minecraft:iron_helmet":1,"minecraft:iron_sword":1,"minecraft:furnace":10,"minecraft:air":0,"minecraft:iron_boots":1,"minecraft:iron_chestplate":1,"minecraft:charcoal":54,"minecraft:shield":1,"minecraft:stick":40,"minecraft:iron_ingot":28,"minecraft:iron_pickaxe":1,"minecraft:stone_pickaxe":3,"minecraft:wooden_axe":4,"minecraft:stone_sword":1,"minecraft:chest":1,"minecraft:torch":60},"minecraft:picked_up":{"minecraft:crafting_table":2,"minecraft:andesite":7,"minecraft:dirt":4,"minecraft:bone":1,"minecraft:wheat_seeds":1,"minecraft:spruce_planks":2,"minecraft:stone_pickaxe":1,"minecraft:furnace":3,"minecraft:stick":9,"minecraft:raw_iron":28,"minecraft:torch":2,"minecraft:gravel":3,"minecraft:dripstone_block":4,"minecraft:spruce_sapling":19,"minecraft:pointed_dripstone":12,"minecraft:diorite":15,"minecraft:spruce_log":138,"minecraft:arrow":1,"minecraft:rotten_flesh":4,"minecraft:granite":18,"minecraft:glow_berries":3,"minecraft:coal":3,"minecraft:cobblestone":124},"minecraft:mined":{"minecraft:podzol":2,"minecraft:spruce_planks":2,"minecraft:crafting_table":2,"minecraft:torch":2,"gravestone:gravestone":2,"minecraft:granite":18,"minecraft:cobblestone":3,"minecraft:diorite":15,"minecraft:furnace":3,"minecraft:iron_ore":25,"minecraft:spruce_log":200,"minecraft:andesite":7,"minecraft:pointed_dripstone":7,"minecraft:gravel":3,"minecraft:dripstone_block":6,"minecraft:dirt":3,"minecraft:stone":121,"minecraft:fern":2}},"DataVersion":3120}