{"stats":{"minecraft:used":{"minecraft:wooden_axe":204,"minecraft:diorite":15,"minecraft:stone_pickaxe":150,"minecraft:spruce_planks":10,"minecraft:wooden_pickaxe":30,"minecraft:gravel":3,"minecraft:rotten_flesh":1,"minecraft:glow_berries":3,"minecraft:dirt":4,"minecraft:cobblestone":31,"minecraft:crafting_table":7,"minecraft:furnace":10,"minecraft:andesite":7,"minecraft:dripstone_block":3,"minecraft:granite":18,"minecraft:spruce_log":2},"minecraft:broken":{"minecraft:stone_pickaxe":1,"minecraft:wooden_axe":3},"minecraft:killed":{"minecraft:skeleton":1},"minecraft:custom":{"minecraft:time_since_rest":22815,"minecraft:interact_with_furnace":35,"minecraft:sprint_one_cm":14577,"minecraft:damage_taken":190,"minecraft:walk_one_cm":43121,"minecraft:mob_kills":1,"minecraft:damage_dealt":190,"minecraft:interact_with_crafting_table":14,"minecraft:fly_one_cm":17403,"minecraft:crouch_one_cm":13433,"minecraft:play_time":22815,"minecraft:sneak_time":4718,"minecraft:jump":167,"minecraft:leave_game":1,"minecraft:time_since_death":22815,"minecraft:total_world_time":22815,"minecraft:fall_one_cm":1579},"minecraft:crafted":{"minecraft:charcoal":42,"minecraft:crafting_table":12,"minecraft:spruce_planks":328,"minecraft:stick":40,"minecraft:iron_ingot":3,"minecraft:wooden_pickaxe":1,"minecraft:iron_pickaxe":1,"minecraft:stone_pickaxe":3,"minecraft:wooden_axe":4,"minecraft:furnace":10,"minecraft:torch":48,"minecraft:air":0},"minecraft:picked_up":{"minecraft:raw_iron":6,"minecraft:stick":9,"minecraft:andesite":7,"minecraft:dripstone_block":3,"minecraft:gravel":3,"minecraft:spruce_sapling":19,"minecraft:diorite":15,"minecraft:spruce_log":138,"minecraft:dirt":4,"minecraft:arrow":1,"minecraft:bone":1,"minecraft:rotten_flesh":1,"minecraft:wheat_seeds":1,"minecraft:stone_pickaxe":1,"minecraft:granite":18,"minecraft:glow_berries":3,"minecraft:cobblestone":123,"minecraft:furnace":2},"minecraft:mined":{"minecraft:podzol":2,"minecraft:furnace":2,"minecraft:iron_ore":6,"minecraft:spruce_log":200,"minecraft:andesite":7,"minecraft:granite":18,"minecraft:pointed_dripstone":2,"minecraft:dripstone_block":5,"minecraft:gravel":3,"minecraft:dirt":3,"minecraft:cobblestone":3,"minecraft:stone":120,"minecraft:diorite":15,"minecraft:fern":2}},"DataVersion":3120}