{"stats":{"minecraft:used":{"minecraft:wooden_axe":204,"minecraft:crafting_table":6,"minecraft:stone_pickaxe":40,"minecraft:spruce_planks":10,"minecraft:wooden_pickaxe":14},"minecraft:broken":{"minecraft:wooden_axe":3},"minecraft:killed":{"minecraft:skeleton":1},"minecraft:custom":{"minecraft:time_since_rest":10815,"minecraft:crouch_one_cm":2296,"minecraft:sprint_one_cm":14577,"minecraft:play_time":10815,"minecraft:damage_taken":190,"minecraft:walk_one_cm":23143,"minecraft:sneak_time":1542,"minecraft:mob_kills":1,"minecraft:jump":111,"minecraft:damage_dealt":190,"minecraft:leave_game":1,"minecraft:time_since_death":10815,"minecraft:total_world_time":10815,"minecraft:interact_with_crafting_table":9,"minecraft:fall_one_cm":1579,"minecraft:fly_one_cm":17403},"minecraft:crafted":{"minecraft:crafting_table":12,"minecraft:spruce_planks":328,"minecraft:stick":4,"minecraft:stone_pickaxe":1,"minecraft:wooden_pickaxe":1,"minecraft:wooden_axe":4},"minecraft:picked_up":{"minecraft:stick":9,"minecraft:bone":1,"minecraft:arrow":1,"minecraft:wheat_seeds":1,"minecraft:gravel":3,"minecraft:granite":1,"minecraft:spruce_sapling":19,"minecraft:spruce_log":138,"minecraft:dirt":4,"minecraft:cobblestone":44},"minecraft:mined":{"minecraft:granite":1,"minecraft:podzol":2,"minecraft:gravel":3,"minecraft:dirt":3,"minecraft:stone":50,"minecraft:spruce_log":200,"minecraft:fern":2}},"DataVersion":3120}