{"stats":{"minecraft:used":{"minecraft:stone_pickaxe":24,"minecraft:shield":2,"minecraft:wooden_pickaxe":6,"minecraft:iron_sword":7,"power:shadow_sword":19,"minecraft:rotten_flesh":4,"power:galactic_sword":6,"minecraft:torch":4,"minecraft:dirt":21,"minecraft:crafting_table":5,"minecraft:wooden_axe":79,"minecraft:iron_pickaxe":8,"minecraft:wooden_sword":25,"minecraft:furnace":1,"minecraft:porkchop":7,"minecraft:bucket":1},"minecraft:killed_by":{"minecraft:piglin":1},"minecraft:broken":{"minecraft:wooden_axe":1},"minecraft:killed":{"minecraft:piglin":8,"minecraft:pig":3,"minecraft:spider":1,"minecraft:creeper":1,"minecraft:zombie":3,"minecraft:fox":1,"minecraft:drowned":1,"minecraft:glow_squid":1,"minecraft:piglin_brute":3},"minecraft:custom":{"minecraft:interact_with_furnace":9,"minecraft:mob_kills":25,"minecraft:interact_with_crafting_table":14,"minecraft:leave_game":9,"minecraft:time_since_death":33812,"minecraft:climb_one_cm":8,"minecraft:damage_resisted":139,"minecraft:time_since_rest":33842,"minecraft:sprint_one_cm":139999,"minecraft:damage_taken":536,"minecraft:walk_one_cm":108458,"minecraft:damage_blocked_by_shield":80,"minecraft:drop":10,"minecraft:damage_dealt":3869,"minecraft:swim_one_cm":16965,"minecraft:fly_one_cm":291531,"minecraft:crouch_one_cm":529,"minecraft:play_time":51351,"minecraft:deaths":1,"minecraft:sneak_time":364,"minecraft:walk_under_water_one_cm":5971,"minecraft:jump":858,"minecraft:walk_on_water_one_cm":7340,"minecraft:total_world_time":51351,"minecraft:fall_one_cm":75349},"minecraft:crafted":{"minecraft:wooden_sword":2,"minecraft:crafting_table":4,"minecraft:spruce_planks":280,"minecraft:wooden_pickaxe":2,"minecraft:iron_sword":1,"minecraft:furnace":1,"minecraft:air":0,"minecraft:shield":1,"minecraft:stick":20,"minecraft:iron_ingot":8,"minecraft:iron_pickaxe":1,"minecraft:stone_pickaxe":2,"minecraft:wooden_axe":3,"minecraft:torch":4},"minecraft:picked_up":{"minecraft:coarse_dirt":13,"minecraft:crafting_table":3,"minecraft:clay_ball":38,"minecraft:glow_ink_sac":3,"minecraft:gunpowder":1,"minecraft:string":2,"minecraft:dirt":26,"minecraft:wheat_seeds":2,"minecraft:furnace":1,"minecraft:stick":4,"minecraft:raw_iron":8,"minecraft:big_dripleaf":2,"minecraft:porkchop":7,"minecraft:spruce_sapling":7,"minecraft:pointed_dripstone":11,"minecraft:spruce_log":89,"minecraft:rotten_flesh":5,"minecraft:deepslate":1,"minecraft:glow_berries":3,"minecraft:coal":7,"minecraft:cobblestone":15,"minecraft:ender_pearl":1},"minecraft:mined":{"minecraft:podzol":1,"minecraft:crafting_table":3,"minecraft:cave_vines_plant":2,"minecraft:dead_bush":2,"minecraft:spruce_leaves":3,"minecraft:coarse_dirt":1,"minecraft:furnace":1,"minecraft:iron_ore":8,"minecraft:spruce_log":77,"minecraft:pointed_dripstone":8,"minecraft:coal_ore":4,"minecraft:stone":15,"minecraft:fern":2},"minecraft:dropped":{"minecraft:wheat_seeds":1,"minecraft:rotten_flesh":1,"minecraft:glow_berries":3,"power:shadow_stone":1,"gravestone:obituary":1,"minecraft:spruce_log":1,"power:space_atlas":1,"minecraft:stone_pickaxe":1,"minecraft:spruce_sapling":1}},"DataVersion":3120}