{"stats":{"minecraft:picked_up":{"minecraft:crafting_table":1,"minecraft:wheat_seeds":1,"minecraft:spruce_sapling":1,"minecraft:spruce_log":36},"minecraft:mined":{"minecraft:spruce_log":77,"minecraft:spruce_leaves":2,"minecraft:crafting_table":1,"minecraft:fern":2},"minecraft:broken":{"minecraft:wooden_axe":1},"minecraft:killed":{"minecraft:fox":1},"minecraft:dropped":{"minecraft:wheat_seeds":1,"minecraft:spruce_sapling":1},"minecraft:crafted":{"minecraft:crafting_table":1,"minecraft:spruce_planks":120,"minecraft:stick":4,"minecraft:wooden_axe":2},"minecraft:custom":{"minecraft:time_since_rest":9346,"minecraft:sprint_one_cm":9561,"minecraft:play_time":9346,"minecraft:damage_taken":40,"minecraft:walk_one_cm":15582,"minecraft:sneak_time":49,"minecraft:walk_under_water_one_cm":636,"minecraft:mob_kills":1,"minecraft:drop":3,"minecraft:jump":82,"minecraft:walk_on_water_one_cm":1134,"minecraft:leave_game":1,"minecraft:time_since_death":9346,"minecraft:total_world_time":9346,"minecraft:swim_one_cm":864,"minecraft:interact_with_crafting_table":2,"minecraft:fall_one_cm":7022,"minecraft:fly_one_cm":24096},"minecraft:used":{"minecraft:wooden_axe":73,"minecraft:crafting_table":1,"minecraft:bucket":1}},"DataVersion":3120}