{"stats":{"minecraft:used":{"minecraft:wooden_axe":79,"minecraft:stone_pickaxe":7,"minecraft:wooden_pickaxe":3,"power:shadow_sword":19,"minecraft:rotten_flesh":2,"power:galactic_sword":6,"minecraft:wooden_sword":19,"minecraft:dirt":21,"minecraft:crafting_table":4,"minecraft:porkchop":7,"minecraft:bucket":1},"minecraft:killed_by":{"minecraft:piglin":1},"minecraft:broken":{"minecraft:wooden_axe":1},"minecraft:killed":{"minecraft:piglin":8,"minecraft:zombie":3,"minecraft:pig":3,"minecraft:fox":1,"minecraft:spider":1,"minecraft:piglin_brute":3},"minecraft:custom":{"minecraft:time_since_rest":26312,"minecraft:sprint_one_cm":138442,"minecraft:damage_taken":456,"minecraft:walk_one_cm":98709,"minecraft:mob_kills":21,"minecraft:drop":9,"minecraft:damage_dealt":3351,"minecraft:swim_one_cm":9174,"minecraft:interact_with_crafting_table":6,"minecraft:fly_one_cm":290432,"minecraft:crouch_one_cm":1,"minecraft:play_time":43821,"minecraft:deaths":1,"minecraft:sneak_time":87,"minecraft:walk_under_water_one_cm":709,"minecraft:jump":830,"minecraft:leave_game":9,"minecraft:time_since_death":26282,"minecraft:walk_on_water_one_cm":4184,"minecraft:total_world_time":43821,"minecraft:climb_one_cm":8,"minecraft:damage_resisted":139,"minecraft:fall_one_cm":74132},"minecraft:crafted":{"minecraft:wooden_sword":1,"minecraft:crafting_table":4,"minecraft:spruce_planks":280,"minecraft:stick":12,"minecraft:wooden_axe":3,"minecraft:wooden_pickaxe":2,"minecraft:stone_pickaxe":1,"minecraft:torch":4},"minecraft:picked_up":{"minecraft:crafting_table":3,"minecraft:stick":4,"minecraft:raw_iron":1,"minecraft:coarse_dirt":13,"minecraft:clay_ball":38,"minecraft:big_dripleaf":2,"minecraft:porkchop":7,"minecraft:spruce_sapling":7,"minecraft:spruce_log":89,"minecraft:dirt":26,"minecraft:string":2,"minecraft:rotten_flesh":3,"minecraft:wheat_seeds":2,"minecraft:glow_berries":3,"minecraft:coal":4,"minecraft:cobblestone":3},"minecraft:mined":{"minecraft:podzol":1,"minecraft:coarse_dirt":1,"minecraft:iron_ore":1,"minecraft:spruce_log":77,"minecraft:crafting_table":3,"minecraft:cave_vines_plant":2,"minecraft:coal_ore":4,"minecraft:dead_bush":2,"minecraft:spruce_leaves":3,"minecraft:stone":3,"minecraft:fern":2},"minecraft:dropped":{"minecraft:wheat_seeds":1,"minecraft:rotten_flesh":1,"minecraft:glow_berries":3,"gravestone:obituary":1,"minecraft:spruce_log":1,"power:space_atlas":1,"power:shadow_stone":1,"minecraft:spruce_sapling":1}},"DataVersion":3120}