{"stats":{"minecraft:killed_by":{"minecraft:piglin":1},"minecraft:picked_up":{"minecraft:stick":1,"minecraft:crafting_table":2,"minecraft:porkchop":7,"minecraft:spruce_sapling":4,"minecraft:spruce_log":36,"minecraft:string":2,"minecraft:wheat_seeds":2},"minecraft:mined":{"minecraft:spruce_log":77,"minecraft:crafting_table":2,"minecraft:dead_bush":1,"minecraft:spruce_leaves":3,"minecraft:fern":2},"minecraft:broken":{"minecraft:wooden_axe":1},"minecraft:killed":{"minecraft:piglin":8,"minecraft:pig":3,"minecraft:fox":1,"minecraft:spider":1,"minecraft:piglin_brute":3},"minecraft:dropped":{"minecraft:wheat_seeds":1,"minecraft:spruce_sapling":1},"minecraft:crafted":{"minecraft:wooden_sword":1,"minecraft:crafting_table":2,"minecraft:spruce_planks":144,"minecraft:stick":8,"minecraft:wooden_pickaxe":1,"minecraft:wooden_axe":2},"minecraft:custom":{"minecraft:time_since_rest":143,"minecraft:sprint_one_cm":79482,"minecraft:damage_taken":337,"minecraft:walk_one_cm":53659,"minecraft:mob_kills":17,"minecraft:drop":3,"minecraft:damage_dealt":2819,"minecraft:interact_with_crafting_table":4,"minecraft:swim_one_cm":1182,"minecraft:fly_one_cm":68690,"minecraft:play_time":17652,"minecraft:deaths":1,"minecraft:sneak_time":49,"minecraft:walk_under_water_one_cm":709,"minecraft:jump":319,"minecraft:leave_game":2,"minecraft:time_since_death":113,"minecraft:walk_on_water_one_cm":1630,"minecraft:total_world_time":17652,"minecraft:damage_resisted":99,"minecraft:fall_one_cm":13582},"minecraft:used":{"minecraft:wooden_axe":78,"power:shadow_sword":19,"minecraft:wooden_sword":19,"minecraft:crafting_table":2,"minecraft:porkchop":7,"minecraft:bucket":1}},"DataVersion":3120}