{"stats":{"minecraft:used":{"minecraft:wooden_axe":78,"power:shadow_sword":19,"minecraft:wooden_sword":19,"minecraft:dirt":21,"minecraft:crafting_table":2,"minecraft:porkchop":7,"minecraft:bucket":1},"minecraft:killed_by":{"minecraft:piglin":1},"minecraft:broken":{"minecraft:wooden_axe":1},"minecraft:killed":{"minecraft:piglin":8,"minecraft:pig":3,"minecraft:fox":1,"minecraft:spider":1,"minecraft:piglin_brute":3},"minecraft:custom":{"minecraft:time_since_rest":10415,"minecraft:sprint_one_cm":109464,"minecraft:damage_taken":382,"minecraft:walk_one_cm":73047,"minecraft:mob_kills":17,"minecraft:drop":6,"minecraft:damage_dealt":2831,"minecraft:swim_one_cm":9174,"minecraft:interact_with_crafting_table":4,"minecraft:fly_one_cm":214393,"minecraft:play_time":27924,"minecraft:deaths":1,"minecraft:sneak_time":84,"minecraft:walk_under_water_one_cm":709,"minecraft:jump":576,"minecraft:leave_game":4,"minecraft:walk_on_water_one_cm":1658,"minecraft:time_since_death":10385,"minecraft:total_world_time":27924,"minecraft:damage_resisted":99,"minecraft:fall_one_cm":15987},"minecraft:crafted":{"minecraft:wooden_sword":1,"minecraft:crafting_table":2,"minecraft:spruce_planks":144,"minecraft:stick":8,"minecraft:wooden_pickaxe":1,"minecraft:wooden_axe":2},"minecraft:picked_up":{"minecraft:coarse_dirt":2,"minecraft:stick":3,"minecraft:crafting_table":2,"minecraft:porkchop":7,"minecraft:spruce_sapling":4,"minecraft:spruce_log":37,"minecraft:string":2,"minecraft:dirt":26,"minecraft:wheat_seeds":2},"minecraft:mined":{"minecraft:podzol":1,"minecraft:coarse_dirt":1,"minecraft:spruce_log":77,"minecraft:crafting_table":2,"minecraft:dead_bush":1,"minecraft:spruce_leaves":3,"minecraft:fern":2},"minecraft:dropped":{"minecraft:wheat_seeds":1,"gravestone:obituary":1,"minecraft:spruce_log":1,"power:shadow_stone":1,"minecraft:spruce_sapling":1}},"DataVersion":3120}