{"stats":{"minecraft:picked_up":{"minecraft:stick":2,"minecraft:rotten_flesh":1,"power:shadow_stone":1,"minecraft:spruce_sapling":1,"minecraft:spruce_log":8},"minecraft:used":{"minecraft:bucket":5,"power:shadow_sword":9},"minecraft:killed":{"power:shadow":2,"minecraft:zombie":1},"minecraft:custom":{"minecraft:time_since_rest":7203,"minecraft:crouch_one_cm":698,"minecraft:sprint_one_cm":6648,"minecraft:play_time":7203,"minecraft:damage_taken":380,"minecraft:walk_one_cm":39460,"minecraft:sneak_time":113,"minecraft:mob_kills":3,"minecraft:jump":71,"minecraft:damage_dealt":609,"minecraft:leave_game":1,"minecraft:walk_on_water_one_cm":1385,"minecraft:time_since_death":7203,"minecraft:total_world_time":7203,"minecraft:damage_resisted":26,"minecraft:fall_one_cm":3330,"minecraft:fly_one_cm":6481},"minecraft:crafted":{"minecraft:spruce_planks":32},"minecraft:mined":{"minecraft:spruce_log":8,"minecraft:spruce_leaves":4,"minecraft:fern":2}},"DataVersion":3120}