{"stats":{"minecraft:crafted":{"minecraft:spruce_planks":32},"minecraft:used":{"minecraft:bucket":5,"securitycraft:bucket_f_lava":5},"minecraft:mined":{"minecraft:spruce_log":8,"minecraft:spruce_leaves":4},"minecraft:picked_up":{"securitycraft:bucket_f_lava":1,"minecraft:spruce_log":8,"minecraft:spruce_sapling":1,"minecraft:stick":2},"minecraft:custom":{"minecraft:jump":46,"minecraft:time_since_rest":4167,"minecraft:damage_dealt":10,"minecraft:crouch_one_cm":168,"minecraft:walk_on_water_one_cm":1385,"minecraft:sprint_one_cm":3530,"minecraft:play_time":4167,"minecraft:damage_taken":310,"minecraft:time_since_death":4167,"minecraft:walk_one_cm":12502,"minecraft:sneak_time":96,"minecraft:total_world_time":4167,"minecraft:fall_one_cm":1996,"minecraft:fly_one_cm":2247}},"DataVersion":3120}