{"stats":{"minecraft:used":{"minecraft:bucket":5,"minecraft:spruce_sapling":4,"power:shadow_sword":19},"minecraft:killed":{"power:shadow":2,"minecraft:spider":1,"minecraft:zombie":1,"minecraft:creeper":1},"minecraft:custom":{"minecraft:time_since_rest":10638,"minecraft:crouch_one_cm":1004,"minecraft:sprint_one_cm":8843,"minecraft:play_time":10638,"minecraft:damage_taken":400,"minecraft:walk_one_cm":50271,"minecraft:sneak_time":182,"minecraft:walk_under_water_one_cm":42,"minecraft:mob_kills":5,"minecraft:jump":120,"minecraft:damage_dealt":849,"minecraft:leave_game":1,"minecraft:walk_on_water_one_cm":1620,"minecraft:time_since_death":10638,"minecraft:total_world_time":10638,"minecraft:damage_resisted":56,"minecraft:fall_one_cm":16074,"minecraft:fly_one_cm":10818},"minecraft:crafted":{"minecraft:spruce_planks":32},"minecraft:picked_up":{"minecraft:stick":2,"minecraft:rotten_flesh":1,"minecraft:spruce_planks":2,"power:shadow_stone":1,"minecraft:spruce_sapling":4,"minecraft:gunpowder":2,"minecraft:spruce_log":8,"minecraft:dirt":3},"minecraft:mined":{"minecraft:podzol":1,"minecraft:spruce_planks":2,"minecraft:spruce_sapling":3,"minecraft:dirt":2,"minecraft:spruce_log":8,"minecraft:spruce_leaves":4,"minecraft:fern":3}},"DataVersion":3120}