{"stats":{"minecraft:custom":{"minecraft:jump":8,"minecraft:time_since_rest":4066,"minecraft:leave_game":1,"minecraft:sprint_one_cm":3318,"minecraft:play_time":4066,"minecraft:damage_taken":10,"minecraft:time_since_death":4066,"minecraft:walk_one_cm":6580,"minecraft:climb_one_cm":378,"minecraft:interact_with_smoker":1,"minecraft:total_world_time":4066,"minecraft:fall_one_cm":544,"minecraft:fly_one_cm":700,"minecraft:open_barrel":2},"minecraft:mined":{"minecraft:oak_button":4,"minecraft:black_stained_glass_pane":2},"minecraft:picked_up":{"minecraft:oak_button":4,"minecraft:oak_sign":2}},"DataVersion":3120}