{"stats":{"minecraft:used":{"securitycraft:bucket_f_lava":1},"minecraft:mined":{"minecraft:spruce_log":1,"minecraft:brown_mushroom":2,"minecraft:dead_bush":1,"minecraft:fern":1},"minecraft:dropped":{"securitycraft:bucket_f_lava":1},"minecraft:picked_up":{"minecraft:stick":1,"minecraft:coarse_dirt":10,"minecraft:spruce_log":1,"minecraft:brown_mushroom":2,"minecraft:dirt":17},"minecraft:custom":{"minecraft:jump":41,"minecraft:time_since_rest":6221,"minecraft:damage_taken":70,"minecraft:leave_game":1,"minecraft:play_time":6221,"minecraft:sprint_one_cm":3883,"minecraft:time_since_death":6221,"minecraft:walk_one_cm":6991,"minecraft:total_world_time":6221,"minecraft:drop":1,"minecraft:fall_one_cm":2211,"minecraft:fly_one_cm":5350}},"DataVersion":3120}