{"stats":{"minecraft:used":{"minecraft:dirt":11,"securitycraft:bucket_f_lava":1,"minecraft:coarse_dirt":8},"minecraft:mined":{"minecraft:brown_mushroom":2,"minecraft:dead_bush":1,"minecraft:spruce_log":1,"minecraft:fern":1},"minecraft:dropped":{"securitycraft:bucket_f_lava":1},"minecraft:picked_up":{"minecraft:stick":1,"minecraft:coarse_dirt":10,"minecraft:brown_mushroom":2,"minecraft:spruce_log":1,"minecraft:dirt":17},"minecraft:custom":{"minecraft:time_since_rest":20326,"minecraft:sprint_one_cm":4924,"minecraft:play_time":20326,"minecraft:damage_taken":70,"minecraft:walk_one_cm":9463,"minecraft:drop":1,"minecraft:jump":63,"minecraft:leave_game":2,"minecraft:time_since_death":20326,"minecraft:total_world_time":20326,"minecraft:fly_one_cm":8758,"minecraft:fall_one_cm":3256}},"DataVersion":3120}