{"stats":{"minecraft:used":{"minecraft:wooden_axe":61,"minecraft:crafting_table":2,"minecraft:stone_pickaxe":15,"minecraft:wooden_pickaxe":6,"minecraft:spruce_sapling":3},"minecraft:broken":{"minecraft:wooden_axe":1},"minecraft:custom":{"minecraft:time_since_rest":5872,"minecraft:play_time":5872,"minecraft:sprint_one_cm":2268,"minecraft:damage_taken":10,"minecraft:walk_one_cm":14285,"minecraft:jump":93,"minecraft:time_since_death":5872,"minecraft:total_world_time":5872,"minecraft:fall_one_cm":1609,"minecraft:interact_with_crafting_table":5,"minecraft:fly_one_cm":3322},"minecraft:crafted":{"minecraft:crafting_table":1,"minecraft:spruce_planks":108,"minecraft:stick":8,"minecraft:stone_pickaxe":1,"minecraft:wooden_pickaxe":1,"minecraft:wooden_axe":2},"minecraft:picked_up":{"minecraft:stick":2,"minecraft:crafting_table":1,"minecraft:spruce_sapling":3,"minecraft:spruce_log":27,"minecraft:coal":15,"minecraft:cobblestone":3,"minecraft:mossy_cobblestone":3},"minecraft:mined":{"minecraft:coal_ore":15,"minecraft:mossy_cobblestone":3,"minecraft:stone":3,"minecraft:spruce_log":63,"minecraft:crafting_table":1}},"DataVersion":3120}