{"stats":{"minecraft:used":{"minecraft:azalea":1,"minecraft:moss_block":1,"minecraft:wooden_axe":61,"minecraft:stone_pickaxe":41,"minecraft:iron_pickaxe":1,"minecraft:wooden_pickaxe":6,"minecraft:spruce_planks":15,"minecraft:spruce_sapling":3,"minecraft:stone_axe":11,"minecraft:torch":5,"minecraft:glow_berries":4,"minecraft:crafting_table":3,"minecraft:furnace":1},"minecraft:broken":{"minecraft:wooden_axe":1},"minecraft:killed":{"minecraft:zombie":3},"minecraft:custom":{"minecraft:time_since_rest":880,"minecraft:interact_with_furnace":3,"minecraft:sprint_one_cm":12697,"minecraft:damage_taken":865,"minecraft:walk_one_cm":66083,"minecraft:mob_kills":2,"minecraft:drop":1,"minecraft:damage_dealt":343,"minecraft:swim_one_cm":9229,"minecraft:interact_with_crafting_table":9,"minecraft:fly_one_cm":26728,"minecraft:crouch_one_cm":2779,"minecraft:deaths":2,"minecraft:play_time":19904,"minecraft:sneak_time":607,"minecraft:walk_under_water_one_cm":3355,"minecraft:jump":495,"minecraft:leave_game":1,"minecraft:time_since_death":856,"minecraft:walk_on_water_one_cm":7272,"minecraft:climb_one_cm":352,"minecraft:total_world_time":19904,"minecraft:fall_one_cm":23836},"minecraft:crafted":{"minecraft:crafting_table":1,"minecraft:spruce_planks":108,"minecraft:stick":16,"minecraft:iron_pickaxe":1,"minecraft:iron_ingot":5,"minecraft:wooden_pickaxe":1,"minecraft:stone_pickaxe":1,"minecraft:wooden_axe":2,"minecraft:furnace":1,"minecraft:torch":16,"minecraft:stone_axe":1,"minecraft:air":0},"minecraft:picked_up":{"minecraft:wooden_axe":1,"minecraft:raw_iron":5,"minecraft:stick":2,"minecraft:crafting_table":3,"minecraft:spruce_sapling":3,"minecraft:moss_carpet":1,"minecraft:spruce_log":27,"minecraft:mossy_cobblestone":3,"minecraft:rotten_flesh":2,"minecraft:azalea":1,"minecraft:moss_block":1,"minecraft:glow_berries":7,"minecraft:coal":43,"minecraft:cobblestone":14,"minecraft:furnace":1},"minecraft:mined":{"minecraft:furnace":1,"minecraft:mossy_cobblestone":3,"minecraft:iron_ore":5,"minecraft:spruce_log":63,"minecraft:moss_carpet":1,"minecraft:cave_vines_plant":4,"minecraft:crafting_table":3,"minecraft:coal_ore":24,"minecraft:cave_vines":14,"minecraft:tall_grass":2,"minecraft:stone":14,"minecraft:small_dripleaf":1,"minecraft:moss_block":2},"minecraft:dropped":{"minecraft:wooden_axe":1}},"DataVersion":3120}