{
  "minecraft:recipes/misc/charcoal": {
    "criteria": {
      "has_log": "2024-11-19 15:00:46 +0000"
    },
    "done": true
  },
  "minecraft:recipes/building_blocks/spruce_planks": {
    "criteria": {
      "has_logs": "2024-11-19 15:00:46 +0000"
    },
    "done": true
  },
  "minecraft:recipes/building_blocks/spruce_wood": {
    "criteria": {
      "has_log": "2024-11-19 15:00:46 +0000"
    },
    "done": true
  },
  "minecraft:adventure/adventuring_time": {
    "criteria": {
      "minecraft:old_growth_pine_taiga": "2024-11-19 15:00:22 +0000"
    },
    "done": false
  },
  "DataVersion": 3120
}