{
  "minecraft:recipes/misc/book": {
    "criteria": {
      "has_paper": "2024-11-21 16:32:46 +0000"
    },
    "done": true
  },
  "dungeons_arise:wda_root": {
    "criteria": {
      "WDA": "2024-11-21 16:31:23 +0000"
    },
    "done": true
  },
  "betterdungeons:root": {
    "criteria": {
      "always": "2024-11-21 16:31:23 +0000"
    },
    "done": true
  },
  "minecraft:recipes/decorations/cartography_table": {
    "criteria": {
      "has_paper": "2024-11-21 16:32:46 +0000"
    },
    "done": true
  },
  "power:mighty_master": {
    "criteria": {
      "mighty_master": "2024-11-21 16:31:43 +0000"
    },
    "done": true
  },
  "dimensional_expansion:dimensional_expansion": {
    "criteria": {
      "requirement": "2024-11-21 16:31:23 +0000"
    },
    "done": true
  },
  "minecraft:adventure/adventuring_time": {
    "criteria": {
      "minecraft:stony_peaks": "2024-11-21 16:31:23 +0000"
    },
    "done": false
  },
  "DataVersion": 3120
}